NAME,TIME,DATE

pranav,06:21:00,18:11:2022
pranav,06:21:00,18:11:2022
pranav,06:21:00,18:11:2022
pranav,06:21:00,18:11:2022
pranav,06:21:00,18:11:2022
pranav,06:21:01,18:11:2022
pranav,06:21:01,18:11:2022
pranav,06:21:01,18:11:2022
pranav,06:21:01,18:11:2022
pranav,06:21:01,18:11:2022
pranav,06:21:01,18:11:2022
pranav,06:21:01,18:11:2022
pranav,06:21:01,18:11:2022
pranav,06:21:01,18:11:2022
pranav,06:21:01,18:11:2022
pranav,06:21:01,18:11:2022
pranav,06:21:06,18:11:2022
pranav,06:21:06,18:11:2022
pranav,06:21:06,18:11:2022
pranav,06:21:06,18:11:2022
pranav,06:21:06,18:11:2022
pranav,06:21:06,18:11:2022
pranav,06:21:06,18:11:2022
pranav,06:21:06,18:11:2022
pranav,06:21:07,18:11:2022
pranav,06:21:07,18:11:2022
pranav,06:21:07,18:11:2022
pranav,06:21:07,18:11:2022
pranav,06:21:07,18:11:2022
pranav,06:21:07,18:11:2022
pranav,06:21:07,18:11:2022
pranav,06:21:07,18:11:2022
pranav,06:21:07,18:11:2022
pranav,06:21:07,18:11:2022
pranav,06:21:07,18:11:2022
pranav,07:14:00,18:11:2022
pranav,07:14:00,18:11:2022
pranav,07:14:00,18:11:2022
pranav,07:14:00,18:11:2022
pranav,07:14:00,18:11:2022
pranav,07:14:00,18:11:2022
pranav,07:14:00,18:11:2022
pranav,07:14:00,18:11:2022
pranav,07:14:00,18:11:2022
pranav,07:14:01,18:11:2022
pranav,07:14:01,18:11:2022
pranav,07:14:01,18:11:2022
pranav,07:14:01,18:11:2022
pranav,07:14:01,18:11:2022
pranav,07:14:01,18:11:2022
pranav,07:14:01,18:11:2022
pranav,07:14:01,18:11:2022
pranav,07:14:19,18:11:2022
pranav,07:14:19,18:11:2022
pranav,07:14:19,18:11:2022
pranav,07:14:20,18:11:2022
pranav,07:14:20,18:11:2022
pranav,07:14:20,18:11:2022
pranav,07:14:20,18:11:2022
ayush10:18:05,20:04:2024
ayush10:18:05,20:04:2024
ayush10:18:05,20:04:2024
ayush10:18:05,20:04:2024
ayush10:18:05,20:04:2024
ayush10:18:06,20:04:2024
ayush10:18:06,20:04:2024
ayush10:18:08,20:04:2024
ayush10:18:09,20:04:2024
ayush10:18:09,20:04:2024
ayush10:18:09,20:04:2024
ayush10:18:09,20:04:2024
ayush10:18:09,20:04:2024
ayush10:18:09,20:04:2024
ayush10:18:09,20:04:2024
ayush10:18:09,20:04:2024
ayush10:18:09,20:04:2024
ayush10:18:09,20:04:2024
ayush10:18:09,20:04:2024
ayush10:18:09,20:04:2024
ayush10:18:09,20:04:2024
ayush10:18:09,20:04:2024
ayush10:18:09,20:04:2024
ayush10:18:10,20:04:2024
ayush10:18:10,20:04:2024
ayush10:18:10,20:04:2024
ayush10:18:10,20:04:2024
ayush10:18:10,20:04:2024
ayush10:18:10,20:04:2024
ayush10:18:10,20:04:2024
ayush10:18:10,20:04:2024
ayush10:18:15,20:04:2024
ayush10:18:16,20:04:2024
ayush10:18:16,20:04:2024
ayush10:18:16,20:04:2024
ayush10:18:16,20:04:2024
ayush10:18:16,20:04:2024
ayush10:18:16,20:04:2024
ayush10:18:17,20:04:2024
ayush10:18:17,20:04:2024
ayush10:18:17,20:04:2024
ayush10:18:17,20:04:2024
ayush10:18:17,20:04:2024
ayush10:18:17,20:04:2024
ayush10:18:17,20:04:2024
ayush10:18:17,20:04:2024
ayush10:18:17,20:04:2024
ayush10:18:17,20:04:2024
ayush10:18:17,20:04:2024
ayush10:18:17,20:04:2024
ayush10:18:17,20:04:2024
ayush10:18:18,20:04:2024
ayush10:18:18,20:04:2024
ayush10:18:18,20:04:2024
ayush10:18:18,20:04:2024
ayush10:18:18,20:04:2024
ayush10:18:18,20:04:2024
ayush10:18:18,20:04:2024
ayush10:18:18,20:04:2024
ayush10:18:18,20:04:2024
ayush10:18:18,20:04:2024
ayush10:18:19,20:04:2024
ayush10:18:19,20:04:2024
ayush10:18:19,20:04:2024
ayush10:18:19,20:04:2024
ayush10:18:19,20:04:2024
ayush10:18:19,20:04:2024
ayush10:18:19,20:04:2024
ayush10:18:19,20:04:2024
ayush10:18:19,20:04:2024
ayush10:18:19,20:04:2024
ayush10:18:19,20:04:2024
ayush10:18:19,20:04:2024
ayush10:18:19,20:04:2024
ayush10:18:19,20:04:2024
ayush10:18:19,20:04:2024
ayush10:18:20,20:04:2024
ayush10:18:20,20:04:2024
ayush10:18:20,20:04:2024
ayush10:18:20,20:04:2024
ayush10:18:20,20:04:2024
ayush10:18:20,20:04:2024
ayush10:18:20,20:04:2024
ayush10:18:20,20:04:2024
ayush10:18:20,20:04:2024
ayush10:18:20,20:04:2024
ayush10:18:20,20:04:2024
ayush10:18:20,20:04:2024
ayush10:18:20,20:04:2024
ayush10:18:21,20:04:2024
ayush10:18:21,20:04:2024
ayush10:18:21,20:04:2024
ayush10:18:21,20:04:2024
ayush10:18:21,20:04:2024
ayush10:18:21,20:04:2024
ayush10:18:21,20:04:2024
ayush11:04:31,20:04:2024
ayush11:04:31,20:04:2024
ayush11:04:31,20:04:2024
ayush11:04:31,20:04:2024
ayush11:04:37,20:04:2024
ayush11:04:37,20:04:2024
ayush11:04:37,20:04:2024
ayush11:04:37,20:04:2024
ayush11:04:37,20:04:2024
ayush11:04:37,20:04:2024
ayush11:04:37,20:04:2024
ayush11:04:37,20:04:2024
ayush11:04:37,20:04:2024
ayush11:04:37,20:04:2024
ayush11:04:41,20:04:2024
ayush11:04:41,20:04:2024
ayush11:04:41,20:04:2024
ayush11:04:41,20:04:2024
ayush11:04:41,20:04:2024
ayush11:04:41,20:04:2024
ayush11:04:41,20:04:2024
ayush11:04:41,20:04:2024
ayush11:04:42,20:04:2024
ayush11:04:42,20:04:2024
ayush11:04:42,20:04:2024
ayush11:04:42,20:04:2024
ayush11:04:42,20:04:2024
ayush11:04:42,20:04:2024
ayush11:04:42,20:04:2024
ayush11:04:42,20:04:2024
ayush11:04:42,20:04:2024
ayush11:04:42,20:04:2024
ayush11:04:42,20:04:2024
ayush11:04:42,20:04:2024
ayush11:04:42,20:04:2024
ayush11:04:42,20:04:2024
ayush11:04:43,20:04:2024
ayush11:04:43,20:04:2024
ayush11:04:43,20:04:2024
ayush11:04:43,20:04:2024
ayush11:04:43,20:04:2024
ayush11:04:43,20:04:2024
ayush11:04:43,20:04:2024
ayush11:04:43,20:04:2024
ayush11:04:43,20:04:2024
ayush11:04:43,20:04:2024
ayush11:04:43,20:04:2024
ayush11:04:43,20:04:2024
ayush11:04:43,20:04:2024
ayush11:04:44,20:04:2024
ayush11:04:44,20:04:2024
ayush11:04:44,20:04:2024
ayush11:04:44,20:04:2024
ayush11:04:44,20:04:2024
ayush11:04:44,20:04:2024
ayush11:04:44,20:04:2024
ayush11:04:44,20:04:2024
ayush11:04:44,20:04:2024
ayush11:04:44,20:04:2024
ayush11:04:44,20:04:2024
ayush11:04:44,20:04:2024
ayush11:04:44,20:04:2024
ayush11:04:45,20:04:2024
ayush11:04:45,20:04:2024
ayush11:04:45,20:04:2024
ayush11:04:45,20:04:2024
ayush11:04:45,20:04:2024
ayush11:04:45,20:04:2024
ayush11:04:45,20:04:2024
ayush11:04:45,20:04:2024
ayush11:04:45,20:04:2024
ayush11:04:50,20:04:2024
ayush11:04:50,20:04:2024
ayush11:04:50,20:04:2024
ayush11:04:50,20:04:2024
ayush11:04:50,20:04:2024
ayush11:04:50,20:04:2024
ayush11:04:50,20:04:2024
ayush11:04:50,20:04:2024
ayush11:04:50,20:04:2024
ayush11:04:51,20:04:2024
ayush11:04:51,20:04:2024
ayush11:04:51,20:04:2024
ayush11:04:51,20:04:2024
ayush11:04:51,20:04:2024
ayush11:04:51,20:04:2024
ayush11:04:51,20:04:2024
ayush11:04:51,20:04:2024
ayush11:04:51,20:04:2024
ayush11:04:51,20:04:2024
ayush11:04:51,20:04:2024
ayush11:04:52,20:04:2024
ayush11:04:52,20:04:2024
ayush11:04:52,20:04:2024
ayush11:04:52,20:04:2024
ayush11:04:52,20:04:2024
ayush11:04:52,20:04:2024
ayush11:04:52,20:04:2024
ayush11:04:52,20:04:2024
ayush11:04:52,20:04:2024
ayush11:04:52,20:04:2024
ayush11:04:52,20:04:2024
ayush11:04:53,20:04:2024
ayush11:04:53,20:04:2024
ayush11:04:53,20:04:2024
ayush11:04:53,20:04:2024
ayush11:04:53,20:04:2024
ayush11:04:53,20:04:2024
ayush,20:04:2024,11:12:29
ayush,20:04:2024,11:12:29
ayush,20:04:2024,11:12:29
ayush,20:04:2024,11:12:29
ayush,20:04:2024,11:12:29
ayush,20:04:2024,11:12:29
ayush,20:04:2024,11:12:29
ayush,20:04:2024,11:12:29
ayush,20:04:2024,11:12:29
ayush,20:04:2024,11:12:29
ayush,20:04:2024,11:12:29
ayush,20:04:2024,11:12:29
ayush,20:04:2024,11:12:30
ayush,20:04:2024,11:12:30
ayush,20:04:2024,11:12:30
ayush,20:04:2024,11:12:30
ayush,20:04:2024,11:12:30
ayush,20:04:2024,11:12:30
ayush,20:04:2024,11:12:30
ayush,20:04:2024,11:12:30
ayush,20:04:2024,11:12:30
ayush,20:04:2024,11:12:30
ayush,20:04:2024,11:12:30
ayush,20:04:2024,11:12:30
ayush,20:04:2024,11:12:30
ayush,20:04:2024,11:12:31
ayush,20:04:2024,11:12:31
ayush,20:04:2024,11:12:31
ayush,20:04:2024,11:12:31
ayush,20:04:2024,11:12:31
ayush,20:04:2024,11:12:31
ayush,20:04:2024,11:12:31
ayush,20:04:2024,11:12:31
ayush,20:04:2024,11:12:31
ayush,20:04:2024,11:12:31
ayush,20:04:2024,11:12:31
ayush,20:04:2024,11:12:31
ayush,20:04:2024,11:12:31
ayush,20:04:2024,11:12:32
ayush,20:04:2024,11:12:32
ayush,20:04:2024,11:12:32
ayush,20:04:2024,11:12:32
ayush,20:04:2024,11:12:32
ayush,20:04:2024,11:12:32
ayush,20:04:2024,11:12:32
ayush,20:04:2024,11:12:32
ayush,20:04:2024,11:12:32
ayush,20:04:2024,11:12:32
ayush,20:04:2024,11:12:32
ayush,20:04:2024,11:12:32
ayush,20:04:2024,11:12:32
ayush,20:04:2024,11:12:39
ayush,20:04:2024,11:12:39
ayush,20:04:2024,11:12:39
ayush,20:04:2024,11:12:40
ayush,20:04:2024,11:12:40
ayush,20:04:2024,11:12:40
ayush,20:04:2024,11:12:40
ayush,20:04:2024,11:12:40
ayush,20:04:2024,11:12:40
ayush,20:04:2024,11:12:40
ayush,20:04:2024,11:12:40
ayush,20:04:2024,11:32:03
ayush,20:04:2024,11:42:17
ayush,20:04:2024,11:42:17
ayush,20:04:2024,11:42:17
ayush,20:04:2024,11:42:17
ayush,20:04:2024,11:42:17
ayush,20:04:2024,11:42:17
ayush,20:04:2024,11:42:17
ayush,20:04:2024,11:42:29
ayush,20:04:2024,11:42:29
ayush,20:04:2024,11:42:29
ayush,20:04:2024,11:42:29
ayush,20:04:2024,11:42:29
ayush,20:04:2024,11:42:29
ayush,20:04:2024,11:42:29
ayush,20:04:2024,11:42:29
ayush,20:04:2024,11:42:30
ayush,20:04:2024,11:42:30
ayush,20:04:2024,11:42:30
ayush,20:04:2024,11:42:30
ayush,20:04:2024,11:42:30
ayush,20:04:2024,11:42:30
ayush,20:04:2024,11:42:30
ayush,20:04:2024,11:42:30
ayush,20:04:2024,11:42:30
ayush,20:04:2024,11:42:30
ayush,20:04:2024,11:42:30
ayush,20:04:2024,11:42:30
ayush,20:04:2024,11:42:30
ayush,20:04:2024,11:42:30
ayush,20:04:2024,11:42:31
ayush,20:04:2024,11:42:31
ayush,20:04:2024,11:42:31
ayush,20:04:2024,11:42:31
ayush,20:04:2024,11:42:31
ayush,20:04:2024,11:42:31
ayush,20:04:2024,11:42:31
ayush,20:04:2024,11:42:31
ayush,20:04:2024,11:42:31
ayush,20:04:2024,11:42:31
ayush,20:04:2024,11:42:31
ayush,20:04:2024,11:42:31
ayush,20:04:2024,11:42:31
ayush,20:04:2024,11:42:31
ayush,20:04:2024,11:42:32
ayush,20:04:2024,11:42:32
ayush,20:04:2024,11:42:32
ayush,20:04:2024,11:42:32
ayush,20:04:2024,11:42:32
ayush,20:04:2024,11:42:32
ayush,20:04:2024,11:42:32
ayush,20:04:2024,11:42:32
ayush,20:04:2024,11:42:32
ayush,20:04:2024,11:42:32
ayush,20:04:2024,11:42:32
ayush,20:04:2024,11:42:32
ayush,20:04:2024,11:42:32
ayush,20:04:2024,11:42:32
ayush,20:04:2024,11:42:33
ayush,20:04:2024,11:42:41
ayush,20:04:2024,11:42:44
ayush,20:04:2024,11:42:44
ayush,20:04:2024,11:42:44
ayush,20:04:2024,11:42:44
ayush,20:04:2024,11:42:44
ayush,20:04:2024,11:42:44
ayush,20:04:2024,11:42:44
ayush,20:04:2024,11:42:44
ayush,20:04:2024,11:42:44
ayush,20:04:2024,11:42:44
ayush,20:04:2024,11:42:44
ayush,20:04:2024,11:42:44
ayush,20:04:2024,11:42:45
ayush,20:04:2024,11:42:45
ayush,20:04:2024,11:42:45
ayush,20:04:2024,11:42:45
ayush,20:04:2024,11:42:45
ayush,20:04:2024,11:42:45
ayush,20:04:2024,11:42:45
ayush,20:04:2024,11:42:45
ayush,20:04:2024,11:42:45
ayush,20:04:2024,11:42:45
ayush,20:04:2024,11:42:45
ayush,20:04:2024,11:42:45
ayush,20:04:2024,11:42:46
ayush,20:04:2024,11:42:46
ayush,20:04:2024,11:42:46
ayush,20:04:2024,11:42:46
ayush,20:04:2024,11:42:46
ayush,20:04:2024,11:42:46
ayush,20:04:2024,11:42:46
ayush,20:04:2024,11:42:46
ayush,20:04:2024,11:42:46
ayush,20:04:2024,11:42:46
ayush,20:04:2024,11:42:46
ayush,20:04:2024,11:42:46
ayush,20:04:2024,11:42:46
ayush,20:04:2024,11:42:47
ayush,20:04:2024,11:42:47
ayush,20:04:2024,11:42:47
ayush,20:04:2024,11:42:47
ayush,20:04:2024,11:42:47
ayush,20:04:2024,11:42:47
ayush,20:04:2024,11:42:54
ayush,20:04:2024,11:42:54
ayush,20:04:2024,11:42:54
ayush,20:04:2024,11:42:55
ayush,20:04:2024,11:42:55
ayush,20:04:2024,11:42:55
ayush,20:04:2024,11:42:55
ayush,20:04:2024,11:42:55
ayush,20:04:2024,11:42:55
ayush,20:04:2024,11:42:55
ayush,20:04:2024,11:42:55
ayush,20:04:2024,11:42:55
ayush,20:04:2024,11:42:55
ayush,20:04:2024,11:42:55
ayush,20:04:2024,11:42:55
ayush,20:04:2024,11:42:56
ayush,20:04:2024,11:42:56
ayush,20:04:2024,11:42:56
ayush,20:04:2024,11:42:56
ayush,20:04:2024,11:42:56
ayush,20:04:2024,11:42:56
ayush,20:04:2024,11:42:56
ayush,20:04:2024,11:42:56
ayush,20:04:2024,11:42:56
ayush,20:04:2024,11:42:56
ayush,20:04:2024,11:42:56
ayush,20:04:2024,11:42:56
ayush,20:04:2024,11:42:56
ayush,20:04:2024,11:42:57
ayush,20:04:2024,11:42:57
ayush,20:04:2024,11:42:57
ayush,20:04:2024,11:42:57
ayush,20:04:2024,11:42:57
ayush,20:04:2024,11:42:57
ayush,20:04:2024,11:42:57
ayush,20:04:2024,11:42:57
ayush,20:04:2024,11:42:57
ayush,20:04:2024,11:42:57
ayush,20:04:2024,11:42:57
ayush,20:04:2024,11:42:57
ayush,20:04:2024,11:42:57
ayush,20:04:2024,11:42:58
ayush,20:04:2024,11:42:58
ayush,20:04:2024,11:42:58
ayush,20:04:2024,11:42:58
ayush,20:04:2024,11:42:58
ayush,20:04:2024,11:42:58
ayush,20:04:2024,11:42:58
ayush,20:04:2024,11:42:58
ayush,20:04:2024,11:42:58
ayush,20:04:2024,11:42:58
ayush,20:04:2024,11:42:58
ayush,20:04:2024,11:42:58
ayush,20:04:2024,11:42:59
ayush,20:04:2024,11:42:59
ayush,20:04:2024,11:42:59
ayush,20:04:2024,11:42:59
ayush,20:04:2024,11:42:59
ayush,20:04:2024,11:42:59
ayush,20:04:2024,11:42:59
ayush,20:04:2024,11:42:59
ayush,20:04:2024,11:42:59
ayush,20:04:2024,11:42:59
ayush,20:04:2024,11:42:59
ayush,20:04:2024,11:42:59
ayush,20:04:2024,11:42:59
ayush,20:04:2024,11:43:00
ayush,20:04:2024,11:43:00
ayush,20:04:2024,11:43:00
ayush,20:04:2024,11:43:00
ayush,20:04:2024,11:43:00
ayush,20:04:2024,11:43:00
ayush,20:04:2024,11:43:00
ayush,20:04:2024,11:43:02
ayush,20:04:2024,11:43:04
ayush,20:04:2024,11:43:04
ayush,20:04:2024,11:43:04
ayush,20:04:2024,11:43:05
ayush,20:04:2024,11:43:05
ayush,20:04:2024,11:43:05
ayush,20:04:2024,11:43:05
ayush,20:04:2024,11:43:05
ayush,20:04:2024,11:43:05
ayush,20:04:2024,11:43:05
ayush,20:04:2024,11:43:05
ayush,20:04:2024,11:43:05
ayush,20:04:2024,11:43:05
ayush,20:04:2024,11:43:05
ayush,20:04:2024,11:43:05
ayush,20:04:2024,11:43:05
ayush,20:04:2024,11:43:06
ayush,20:04:2024,11:43:06
ayush,20:04:2024,11:43:06
ayush,20:04:2024,11:43:06
ayush,20:04:2024,11:43:06
ayush,20:04:2024,11:43:06
ayush,20:04:2024,11:43:06
ayush,20:04:2024,11:43:06
ayush,20:04:2024,11:43:06
ayush,20:04:2024,11:43:06
ayush,20:04:2024,11:43:06
ayush,20:04:2024,11:43:06
ayush,20:04:2024,11:43:06
ayush,20:04:2024,11:43:07
ayush,20:04:2024,11:43:07
ayush,20:04:2024,11:43:07
ayush,20:04:2024,11:43:07
ayush,20:04:2024,11:43:07
ayush,20:04:2024,11:43:07
ayush,20:04:2024,11:43:07
ayush,20:04:2024,11:43:07
ayush,20:04:2024,11:43:07
ayush,20:04:2024,11:43:07
ayush,20:04:2024,11:43:07
ayush,20:04:2024,11:43:07
ayush,20:04:2024,11:43:07
ayush,20:04:2024,11:43:08
ayush,20:04:2024,11:43:08
ayush,20:04:2024,11:43:08
ayush,20:04:2024,11:43:08
ayush,20:04:2024,11:43:08
ayush,20:04:2024,11:43:08
ayush,20:04:2024,11:43:08
ayush,20:04:2024,11:43:08
ayush,20:04:2024,11:43:08
ayush,20:04:2024,11:43:08
ayush,20:04:2024,11:43:08
ayush,20:04:2024,11:43:08
ayush,20:04:2024,11:43:08
ayush,20:04:2024,11:43:09
ayush,20:04:2024,11:43:09
ayush,20:04:2024,11:43:09
ayush,20:04:2024,11:43:09
ayush,20:04:2024,11:43:09
ayush,03:05:2024,10:32:11
ayush,03:05:2024,10:32:12
ayush,03:05:2024,10:32:12
ayush,03:05:2024,10:32:12
ayush,03:05:2024,10:32:12
ayush,03:05:2024,10:32:12
ayush,03:05:2024,10:32:12
ayush,03:05:2024,10:32:12
ayush,03:05:2024,10:32:12
ayush,03:05:2024,10:32:12
ayush,03:05:2024,10:32:12
ayush,03:05:2024,10:32:12
ayush,03:05:2024,10:32:13
ayush,03:05:2024,10:32:13
ayush,03:05:2024,10:32:13
ayush,03:05:2024,10:32:13
ayush,03:05:2024,10:32:13
ayush,03:05:2024,10:32:13
ayush,03:05:2024,10:32:13
ayush,11:05:2024,12:43:43
ayush,11:05:2024,12:43:43
ayush,11:05:2024,12:43:43
ayush,11:05:2024,12:43:43
ayush,11:05:2024,12:43:43
ayush,11:05:2024,12:43:43
ayush,11:05:2024,12:43:44
ayush,11:05:2024,12:43:44
ayush,11:05:2024,12:43:44
ayush,11:05:2024,12:43:44
ayush,11:05:2024,12:43:44
ayush,11:05:2024,12:43:44
ayush,11:05:2024,12:43:44
ayush,11:05:2024,12:43:44
ayush,11:05:2024,12:43:44
ayush,11:05:2024,12:43:44
ayush,11:05:2024,12:43:44
ayush,11:05:2024,12:43:44
ayush,11:05:2024,12:43:45
ayush,11:05:2024,12:43:45
ayush,11:05:2024,12:43:45
ayush,11:05:2024,12:43:45
ayush,11:05:2024,12:44:03
ayush,11:05:2024,12:44:03
ayush,11:05:2024,12:44:03
ayush,11:05:2024,12:44:03
Abhi,11:05:2024,14:16:15
Abhi,11:05:2024,14:16:20
Abhi,11:05:2024,14:16:20
Abhi,11:05:2024,14:16:26
Abhi,11:05:2024,14:16:26
Abhi,11:05:2024,14:16:26
Abhi,11:05:2024,14:16:26
Abhi,11:05:2024,14:16:26
Abhi,11:05:2024,14:16:26
Abhi,11:05:2024,14:16:26
Abhi,11:05:2024,14:16:27
Abhi,11:05:2024,14:16:27
Abhi,11:05:2024,14:16:27
Abhi,11:05:2024,14:16:27
Abhi,11:05:2024,14:16:27
Abhi,11:05:2024,14:16:27
Abhi,11:05:2024,14:16:27
Abhi,11:05:2024,14:16:27
Abhi,11:05:2024,14:16:27
Abhi,11:05:2024,14:16:27
Abhi,11:05:2024,14:16:27
Abhi,11:05:2024,14:16:27
Abhi,11:05:2024,14:16:27
Abhi,11:05:2024,14:16:27
Abhi,11:05:2024,14:16:28
Abhi,11:05:2024,14:16:28
Abhi,11:05:2024,14:16:28
Abhi,11:05:2024,14:16:28
Abhi,11:05:2024,14:16:28
Abhi,11:05:2024,14:16:28
Abhi,11:05:2024,14:16:28
Abhi,11:05:2024,14:16:28
Abhi,11:05:2024,14:16:28
Abhi,11:05:2024,14:16:28
Abhi,11:05:2024,14:16:28
Abhi,11:05:2024,14:16:28
Abhi,11:05:2024,14:16:28
Abhi,11:05:2024,14:16:28
Abhi,11:05:2024,14:16:45
Abhi,11:05:2024,14:16:45
Abhi,11:05:2024,14:16:45
Abhi,11:05:2024,14:16:45
Abhi,11:05:2024,14:16:45
Abhi,11:05:2024,14:16:45
Abhi,11:05:2024,14:16:46
Abhi,11:05:2024,14:16:46
Abhi,11:05:2024,14:22:06
Abhi,11:05:2024,14:22:06
Abhi,11:05:2024,14:22:06
Abhi,11:05:2024,14:22:06
Abhi,11:05:2024,14:22:16
Abhi,11:05:2024,14:22:16
Abhi,11:05:2024,14:22:16
Abhi,11:05:2024,14:22:16
Abhi,11:05:2024,14:22:16
Abhi,11:05:2024,14:22:16
Abhi,11:05:2024,14:22:16
Abhi,11:05:2024,14:22:17
Abhi,11:05:2024,14:22:17
Abhi,11:05:2024,14:22:17
Abhi,11:05:2024,14:22:17
Abhi,11:05:2024,14:22:17
Abhi,11:05:2024,14:22:17
Abhi,11:05:2024,14:22:17
Abhi,11:05:2024,14:22:17
Abhi,11:05:2024,14:22:17
Abhi,11:05:2024,14:22:17
Abhi,11:05:2024,14:22:17
Abhi,11:05:2024,14:22:17
Abhi,11:05:2024,14:22:17
Abhi,11:05:2024,14:22:17
Abhi,11:05:2024,14:22:17
Abhi,11:05:2024,14:22:18
Abhi,11:05:2024,14:22:18
Abhi,11:05:2024,14:22:18
Abhi,11:05:2024,14:22:18
Abhi,11:05:2024,14:22:18
Abhi,11:05:2024,14:22:18
Abhi,11:05:2024,14:22:18
Abhi,11:05:2024,14:22:18
Abhi,11:05:2024,14:22:18
Abhi,11:05:2024,14:22:18
Abhi,11:05:2024,14:22:18
Abhi,11:05:2024,14:22:18
Abhi,11:05:2024,14:22:18
Abhi,11:05:2024,14:22:18
Abhi,11:05:2024,14:22:19
Abhi,11:05:2024,14:22:19
Abhi,11:05:2024,14:22:19
Abhi,11:05:2024,14:22:19
Abhi,11:05:2024,14:22:19
Abhi,11:05:2024,14:22:19
Abhi,11:05:2024,14:22:19
Abhi,11:05:2024,14:22:19
Abhi,11:05:2024,14:22:19
Abhi,11:05:2024,14:22:19
Abhi,11:05:2024,14:22:19
Abhi,11:05:2024,14:22:19
Abhi,11:05:2024,14:22:19
Abhi,11:05:2024,14:22:19
Abhi,11:05:2024,14:22:25
Abhi,11:05:2024,14:22:34
Abhi,11:05:2024,14:22:41
Abhi,11:05:2024,14:22:42
Abhi,11:05:2024,14:22:42
Abhi,11:05:2024,14:22:42
Abhi,11:05:2024,14:22:42
Abhi,11:05:2024,14:22:42
Abhi,11:05:2024,14:22:42
Abhi,11:05:2024,14:22:43
Abhi,11:05:2024,14:22:43
Abhi,11:05:2024,14:22:48
Abhi,11:05:2024,14:22:48
Abhi,11:05:2024,14:22:48
Abhi,11:05:2024,14:22:48
Abhi,11:05:2024,14:22:49
Abhi,11:05:2024,14:22:49
Abhi,11:05:2024,14:22:49
Abhi,11:05:2024,14:22:49
Abhi,11:05:2024,14:22:52
Abhi,11:05:2024,14:22:52
Abhi,11:05:2024,14:22:52
Abhi,11:05:2024,14:22:52
Abhi,11:05:2024,14:22:52
Abhi,11:05:2024,14:22:52
Abhi,11:05:2024,14:22:52
Abhi,11:05:2024,14:22:52
Abhi,11:05:2024,14:22:52
Abhi,11:05:2024,14:22:53
Abhi,11:05:2024,14:22:53
Abhi,11:05:2024,14:22:53
Abhi,11:05:2024,14:22:53
Abhi,11:05:2024,14:22:53
Abhi,11:05:2024,14:22:59
Abhi,11:05:2024,14:22:59